G1,S,G2,M
GSM1562600,GSM1562700,GSM1562780,GSM1898006
GSM1562601,GSM1562701,GSM1562781,GSM1898007
GSM1562602,GSM1562702,GSM1562782,GSM1898008
GSM1562603,GSM1562703,GSM1562783,GSM1898009
GSM1562604,GSM1562704,GSM1562784,
GSM1562605,GSM1562705,GSM1562785,
GSM1562606,GSM1562706,GSM1562786,
GSM1562607,GSM1562707,GSM1562787,
GSM1562608,GSM1562708,GSM1562788,
GSM1562609,GSM1562709,GSM1562789,
GSM1562610,GSM1562710,GSM1562790,
GSM1562611,GSM1562711,GSM1562791,
GSM1562612,GSM1562712,GSM1562792,
GSM1562613,GSM1562713,GSM1562793,
GSM1562614,GSM1562714,GSM1562794,
GSM1562615,GSM1562715,GSM1562795,
GSM1562616,GSM1562716,GSM1562796,
GSM1562617,GSM1562717,GSM1562797,
GSM1562618,GSM1562718,GSM1562798,
GSM1562619,GSM1562719,GSM1562799,
GSM1562620,GSM1562720,GSM1562800,
GSM1562621,GSM1562721,GSM1562801,
GSM1562622,GSM1562722,GSM1562802,
GSM1562623,GSM1562723,GSM1562803,
GSM1562624,GSM1562724,GSM1562804,
GSM1562625,GSM1562725,GSM1562805,
GSM1562626,GSM1562726,GSM1562806,
GSM1562627,GSM1562727,GSM1562807,
GSM1562628,GSM1562728,GSM1562808,
GSM1562629,GSM1562729,GSM1562809,
GSM1562630,GSM1562730,GSM1562810,
GSM1562631,GSM1562731,GSM1562811,
GSM1562632,GSM1562732,GSM1562812,
GSM1562633,GSM1562733,GSM1562813,
GSM1562634,GSM1562734,GSM1562814,
GSM1562635,GSM1562735,GSM1562815,
GSM1562636,GSM1562736,GSM1562816,
GSM1562637,GSM1562737,GSM1562817,
GSM1562638,GSM1562738,GSM1562818,
GSM1562639,GSM1562739,GSM1562819,
GSM1562640,GSM1562740,GSM1562820,
GSM1562641,GSM1562741,GSM1562821,
GSM1562642,GSM1562742,GSM1562822,
GSM1562643,GSM1562743,GSM1562823,
GSM1562644,GSM1562744,GSM1562824,
GSM1562645,GSM1562745,GSM1562825,
GSM1562646,GSM1562746,GSM1562826,
GSM1562647,GSM1562747,GSM1562827,
GSM1562648,GSM1562748,GSM1562828,
GSM1562649,GSM1562749,GSM1562829,
GSM1562650,GSM1562750,GSM1562830,
GSM1562651,GSM1562751,GSM1562831,
GSM1562652,GSM1562752,GSM1562832,
GSM1562653,GSM1562753,GSM1562833,
GSM1562654,GSM1562754,GSM1562834,
GSM1562655,GSM1562755,GSM1562835,
GSM1562656,GSM1562756,GSM1562836,
GSM1562657,GSM1562757,GSM1562837,
GSM1562658,GSM1562758,GSM1562838,
GSM1562659,GSM1562759,GSM1562839,
GSM1562660,GSM1562760,GSM1562840,
GSM1562661,GSM1562761,GSM1562841,
GSM1562662,GSM1562762,GSM1562842,
GSM1562663,GSM1562763,GSM1562843,
GSM1562664,GSM1562764,GSM1562844,
GSM1562665,GSM1562765,GSM1562845,
GSM1562666,GSM1562766,GSM1562846,
GSM1562667,GSM1562767,GSM1562847,
GSM1562668,GSM1562768,GSM1562848,
GSM1562669,GSM1562769,GSM1562849,
GSM1562670,GSM1562770,GSM1562850,
GSM1562671,GSM1562771,GSM1562851,
GSM1562672,GSM1562772,GSM1562852,
GSM1562673,GSM1562773,GSM1562853,
GSM1562674,GSM1562774,GSM1562854,
GSM1562675,GSM1562775,GSM1562855,
GSM1562676,GSM1562776,,
GSM1562677,GSM1562777,,
GSM1562678,GSM1562778,,
GSM1562679,GSM1562779,,
GSM1562680,,,
GSM1562681,,,
GSM1562682,,,
GSM1562683,,,
GSM1562684,,,
GSM1562685,,,
GSM1562686,,,
GSM1562687,,,
GSM1562688,,,
GSM1562689,,,
GSM1562690,,,
GSM1562691,,,
GSM1562692,,,
GSM1562693,,,
GSM1562694,,,
GSM1562695,,,
GSM1562696,,,
GSM1562697,,,
GSM1562698,,,
GSM1562699,,,
GSM1898014,,,
GSM1898015,,,
GSM1898016,,,
GSM1898017,,,